--------------------------------------------------------
--  File created - Wednesday-May-21-2025   
--------------------------------------------------------
DROP TABLE "FLIGHTBOOKING"."AIRLINE" cascade constraints;
DROP TABLE "FLIGHTBOOKING"."CLASS" cascade constraints;
DROP TABLE "FLIGHTBOOKING"."FLIGHT" cascade constraints;
DROP TABLE "FLIGHTBOOKING"."PASSENGERS" cascade constraints;
DROP TABLE "FLIGHTBOOKING"."TICKETS" cascade constraints;
DROP TABLE "FLIGHTBOOKING"."TICKETS_TRANSACTIONS" cascade constraints;
DROP TABLE "FLIGHTBOOKING"."TRANSACTIONS" cascade constraints;
DROP VIEW "FLIGHTBOOKING"."VIEW1";
--------------------------------------------------------
--  DDL for Table AIRLINE
--------------------------------------------------------

  CREATE TABLE "FLIGHTBOOKING"."AIRLINE" 
   (	"AIRLINE_NAME" VARCHAR2(60), 
	"CONTACT_INFO" VARCHAR2(60), 
	 PRIMARY KEY ("AIRLINE_NAME")
  USING INDEX PCTFREE 10 INITRANS 2 MAXTRANS 255 COMPUTE STATISTICS 
  STORAGE(INITIAL 65536 NEXT 1048576 MINEXTENTS 1 MAXEXTENTS 2147483645
  PCTINCREASE 0 FREELISTS 1 FREELIST GROUPS 1 BUFFER_POOL DEFAULT FLASH_CACHE DEFAULT CELL_FLASH_CACHE DEFAULT)
  TABLESPACE "SYSTEM"  ENABLE
   ) SEGMENT CREATION IMMEDIATE 
  PCTFREE 10 PCTUSED 40 INITRANS 1 MAXTRANS 255 NOCOMPRESS LOGGING
  STORAGE(INITIAL 65536 NEXT 1048576 MINEXTENTS 1 MAXEXTENTS 2147483645
  PCTINCREASE 0 FREELISTS 1 FREELIST GROUPS 1 BUFFER_POOL DEFAULT FLASH_CACHE DEFAULT CELL_FLASH_CACHE DEFAULT)
  TABLESPACE "SYSTEM"
--------------------------------------------------------
--  DDL for Table CLASS
--------------------------------------------------------

  CREATE TABLE "FLIGHTBOOKING"."CLASS" 
   (	"PRICE" NUMBER, 
	"CLASS_TYPE" VARCHAR2(80), 
	"FLIGHT_ID" NUMBER, 
	 FOREIGN KEY ("FLIGHT_ID")
	  REFERENCES "FLIGHTBOOKING"."FLIGHT" ("FLIGHT_ID") ENABLE
   ) SEGMENT CREATION IMMEDIATE 
  PCTFREE 10 PCTUSED 40 INITRANS 1 MAXTRANS 255 NOCOMPRESS LOGGING
  STORAGE(INITIAL 65536 NEXT 1048576 MINEXTENTS 1 MAXEXTENTS 2147483645
  PCTINCREASE 0 FREELISTS 1 FREELIST GROUPS 1 BUFFER_POOL DEFAULT FLASH_CACHE DEFAULT CELL_FLASH_CACHE DEFAULT)
  TABLESPACE "SYSTEM"
--------------------------------------------------------
--  DDL for Table FLIGHT
--------------------------------------------------------

  CREATE TABLE "FLIGHTBOOKING"."FLIGHT" 
   (	"FLIGHT_ID" NUMBER, 
	"FLIGHT_NAME" VARCHAR2(50), 
	"SOURCE" VARCHAR2(50), 
	"DESTINATION" VARCHAR2(50), 
	"DISTANCE" NUMBER, 
	"DEPARTURE_TIME" TIMESTAMP (6), 
	"PASS_ID" NUMBER, 
	"AIRLINE_NAME" VARCHAR2(60), 
	 PRIMARY KEY ("FLIGHT_ID")
  USING INDEX PCTFREE 10 INITRANS 2 MAXTRANS 255 COMPUTE STATISTICS 
  STORAGE(INITIAL 65536 NEXT 1048576 MINEXTENTS 1 MAXEXTENTS 2147483645
  PCTINCREASE 0 FREELISTS 1 FREELIST GROUPS 1 BUFFER_POOL DEFAULT FLASH_CACHE DEFAULT CELL_FLASH_CACHE DEFAULT)
  TABLESPACE "SYSTEM"  ENABLE, 
	 FOREIGN KEY ("PASS_ID")
	  REFERENCES "FLIGHTBOOKING"."PASSENGERS" ("ID") ENABLE, 
	 FOREIGN KEY ("AIRLINE_NAME")
	  REFERENCES "FLIGHTBOOKING"."AIRLINE" ("AIRLINE_NAME") ENABLE
   ) SEGMENT CREATION IMMEDIATE 
  PCTFREE 10 PCTUSED 40 INITRANS 1 MAXTRANS 255 NOCOMPRESS LOGGING
  STORAGE(INITIAL 65536 NEXT 1048576 MINEXTENTS 1 MAXEXTENTS 2147483645
  PCTINCREASE 0 FREELISTS 1 FREELIST GROUPS 1 BUFFER_POOL DEFAULT FLASH_CACHE DEFAULT CELL_FLASH_CACHE DEFAULT)
  TABLESPACE "SYSTEM"
--------------------------------------------------------
--  DDL for Table PASSENGERS
--------------------------------------------------------

  CREATE TABLE "FLIGHTBOOKING"."PASSENGERS" 
   (	"ID" NUMBER, 
	"FNAME" VARCHAR2(50), 
	"LNAME" VARCHAR2(50), 
	"DOB" DATE, 
	"GENDER" CHAR(10), 
	"MOBILE_NO" VARCHAR2(15), 
	"CITY" VARCHAR2(50), 
	"STATE" VARCHAR2(50), 
	 PRIMARY KEY ("ID")
  USING INDEX PCTFREE 10 INITRANS 2 MAXTRANS 255 COMPUTE STATISTICS 
  STORAGE(INITIAL 65536 NEXT 1048576 MINEXTENTS 1 MAXEXTENTS 2147483645
  PCTINCREASE 0 FREELISTS 1 FREELIST GROUPS 1 BUFFER_POOL DEFAULT FLASH_CACHE DEFAULT CELL_FLASH_CACHE DEFAULT)
  TABLESPACE "SYSTEM"  ENABLE
   ) SEGMENT CREATION IMMEDIATE 
  PCTFREE 10 PCTUSED 40 INITRANS 1 MAXTRANS 255 NOCOMPRESS LOGGING
  STORAGE(INITIAL 65536 NEXT 1048576 MINEXTENTS 1 MAXEXTENTS 2147483645
  PCTINCREASE 0 FREELISTS 1 FREELIST GROUPS 1 BUFFER_POOL DEFAULT FLASH_CACHE DEFAULT CELL_FLASH_CACHE DEFAULT)
  TABLESPACE "SYSTEM"
--------------------------------------------------------
--  DDL for Table TICKETS
--------------------------------------------------------

  CREATE TABLE "FLIGHTBOOKING"."TICKETS" 
   (	"TICKET_ID" NUMBER, 
	"FLIGHT_NO" VARCHAR2(20), 
	"DESTINATION" VARCHAR2(100), 
	"SOURCE" VARCHAR2(100), 
	"DISTANCE" NUMBER, 
	"CLASS_TYPE" VARCHAR2(20), 
	"TRAVEL_DATE" DATE, 
	"SEAT_NO" VARCHAR2(10), 
	"TRAVEL_TIME" TIMESTAMP (6), 
	"PASS_ID" NUMBER, 
	"FNAME" VARCHAR2(50), 
	"LNAME" VARCHAR2(50), 
	 PRIMARY KEY ("TICKET_ID")
  USING INDEX PCTFREE 10 INITRANS 2 MAXTRANS 255 COMPUTE STATISTICS 
  STORAGE(INITIAL 65536 NEXT 1048576 MINEXTENTS 1 MAXEXTENTS 2147483645
  PCTINCREASE 0 FREELISTS 1 FREELIST GROUPS 1 BUFFER_POOL DEFAULT FLASH_CACHE DEFAULT CELL_FLASH_CACHE DEFAULT)
  TABLESPACE "SYSTEM"  ENABLE, 
	 FOREIGN KEY ("PASS_ID")
	  REFERENCES "FLIGHTBOOKING"."PASSENGERS" ("ID") ENABLE
   ) SEGMENT CREATION IMMEDIATE 
  PCTFREE 10 PCTUSED 40 INITRANS 1 MAXTRANS 255 NOCOMPRESS LOGGING
  STORAGE(INITIAL 65536 NEXT 1048576 MINEXTENTS 1 MAXEXTENTS 2147483645
  PCTINCREASE 0 FREELISTS 1 FREELIST GROUPS 1 BUFFER_POOL DEFAULT FLASH_CACHE DEFAULT CELL_FLASH_CACHE DEFAULT)
  TABLESPACE "SYSTEM"
--------------------------------------------------------
--  DDL for Table TICKETS_TRANSACTIONS
--------------------------------------------------------

  CREATE TABLE "FLIGHTBOOKING"."TICKETS_TRANSACTIONS" 
   (	"TICKET_ID" NUMBER, 
	"TRANS_ID" NUMBER, 
	 FOREIGN KEY ("TICKET_ID")
	  REFERENCES "FLIGHTBOOKING"."TICKETS" ("TICKET_ID") ENABLE, 
	 FOREIGN KEY ("TRANS_ID")
	  REFERENCES "FLIGHTBOOKING"."TRANSACTIONS" ("TRANS_ID") ENABLE
   ) SEGMENT CREATION IMMEDIATE 
  PCTFREE 10 PCTUSED 40 INITRANS 1 MAXTRANS 255 NOCOMPRESS LOGGING
  STORAGE(INITIAL 65536 NEXT 1048576 MINEXTENTS 1 MAXEXTENTS 2147483645
  PCTINCREASE 0 FREELISTS 1 FREELIST GROUPS 1 BUFFER_POOL DEFAULT FLASH_CACHE DEFAULT CELL_FLASH_CACHE DEFAULT)
  TABLESPACE "SYSTEM"
--------------------------------------------------------
--  DDL for Table TRANSACTIONS
--------------------------------------------------------

  CREATE TABLE "FLIGHTBOOKING"."TRANSACTIONS" 
   (	"TRANS_ID" NUMBER, 
	"PRICE" NUMBER, 
	"PAYMENT_METHODE" VARCHAR2(30), 
	 PRIMARY KEY ("TRANS_ID")
  USING INDEX PCTFREE 10 INITRANS 2 MAXTRANS 255 COMPUTE STATISTICS 
  STORAGE(INITIAL 65536 NEXT 1048576 MINEXTENTS 1 MAXEXTENTS 2147483645
  PCTINCREASE 0 FREELISTS 1 FREELIST GROUPS 1 BUFFER_POOL DEFAULT FLASH_CACHE DEFAULT CELL_FLASH_CACHE DEFAULT)
  TABLESPACE "SYSTEM"  ENABLE
   ) SEGMENT CREATION IMMEDIATE 
  PCTFREE 10 PCTUSED 40 INITRANS 1 MAXTRANS 255 NOCOMPRESS LOGGING
  STORAGE(INITIAL 65536 NEXT 1048576 MINEXTENTS 1 MAXEXTENTS 2147483645
  PCTINCREASE 0 FREELISTS 1 FREELIST GROUPS 1 BUFFER_POOL DEFAULT FLASH_CACHE DEFAULT CELL_FLASH_CACHE DEFAULT)
  TABLESPACE "SYSTEM"
--------------------------------------------------------
--  DDL for View VIEW1
--------------------------------------------------------

  CREATE OR REPLACE FORCE VIEW "FLIGHTBOOKING"."VIEW1" ("ID") AS 
  SELECT id
    
FROM passengers
REM INSERTING into FLIGHTBOOKING.AIRLINE
SET DEFINE OFF;
Insert into FLIGHTBOOKING.AIRLINE (AIRLINE_NAME,CONTACT_INFO) values ('SkyFly','111-222-3333');
Insert into FLIGHTBOOKING.AIRLINE (AIRLINE_NAME,CONTACT_INFO) values ('AirWave','222-333-4444');
Insert into FLIGHTBOOKING.AIRLINE (AIRLINE_NAME,CONTACT_INFO) values ('JetHigh','333-444-5555');
Insert into FLIGHTBOOKING.AIRLINE (AIRLINE_NAME,CONTACT_INFO) values ('CloudAir','444-555-6666');
Insert into FLIGHTBOOKING.AIRLINE (AIRLINE_NAME,CONTACT_INFO) values ('NeoWings','555-666-7777');
REM INSERTING into FLIGHTBOOKING.CLASS
SET DEFINE OFF;
Insert into FLIGHTBOOKING.CLASS (PRICE,CLASS_TYPE,FLIGHT_ID) values (200,'Economy',101);
Insert into FLIGHTBOOKING.CLASS (PRICE,CLASS_TYPE,FLIGHT_ID) values (450,'Business',101);
Insert into FLIGHTBOOKING.CLASS (PRICE,CLASS_TYPE,FLIGHT_ID) values (220,'Economy',102);
Insert into FLIGHTBOOKING.CLASS (PRICE,CLASS_TYPE,FLIGHT_ID) values (500,'Business',103);
Insert into FLIGHTBOOKING.CLASS (PRICE,CLASS_TYPE,FLIGHT_ID) values (300,'Economy',104);
Insert into FLIGHTBOOKING.CLASS (PRICE,CLASS_TYPE,FLIGHT_ID) values (400,'Business',105);
REM INSERTING into FLIGHTBOOKING.FLIGHT
SET DEFINE OFF;
Insert into FLIGHTBOOKING.FLIGHT (FLIGHT_ID,FLIGHT_NAME,SOURCE,DESTINATION,DISTANCE,DEPARTURE_TIME,PASS_ID,AIRLINE_NAME) values (101,'SF101','New York','Chicago',800,to_timestamp('01-JUN-25 08.00.00.000000000 AM','DD-MON-RR HH.MI.SSXFF AM'),1,'SkyFly');
Insert into FLIGHTBOOKING.FLIGHT (FLIGHT_ID,FLIGHT_NAME,SOURCE,DESTINATION,DISTANCE,DEPARTURE_TIME,PASS_ID,AIRLINE_NAME) values (102,'AW202','Chicago','Los Angeles',1800,to_timestamp('02-JUN-25 09.30.00.000000000 AM','DD-MON-RR HH.MI.SSXFF AM'),2,'AirWave');
Insert into FLIGHTBOOKING.FLIGHT (FLIGHT_ID,FLIGHT_NAME,SOURCE,DESTINATION,DISTANCE,DEPARTURE_TIME,PASS_ID,AIRLINE_NAME) values (103,'JH303','Houston','Phoenix',1000,to_timestamp('03-JUN-25 10.15.00.000000000 AM','DD-MON-RR HH.MI.SSXFF AM'),3,'JetHigh');
Insert into FLIGHTBOOKING.FLIGHT (FLIGHT_ID,FLIGHT_NAME,SOURCE,DESTINATION,DISTANCE,DEPARTURE_TIME,PASS_ID,AIRLINE_NAME) values (104,'CA404','Los Angeles','Seattle',950,to_timestamp('04-JUN-25 11.45.00.000000000 AM','DD-MON-RR HH.MI.SSXFF AM'),4,'CloudAir');
Insert into FLIGHTBOOKING.FLIGHT (FLIGHT_ID,FLIGHT_NAME,SOURCE,DESTINATION,DISTANCE,DEPARTURE_TIME,PASS_ID,AIRLINE_NAME) values (105,'NW505','Phoenix','New York',2200,to_timestamp('05-JUN-25 07.20.00.000000000 AM','DD-MON-RR HH.MI.SSXFF AM'),5,'NeoWings');
REM INSERTING into FLIGHTBOOKING.PASSENGERS
SET DEFINE OFF;
Insert into FLIGHTBOOKING.PASSENGERS (ID,FNAME,LNAME,DOB,GENDER,MOBILE_NO,CITY,STATE) values (6,'Batrek','wael',to_date('09-JAN-05','DD-MON-RR'),'M         ','213131321','obour','OB');
Insert into FLIGHTBOOKING.PASSENGERS (ID,FNAME,LNAME,DOB,GENDER,MOBILE_NO,CITY,STATE) values (1,'John','Doe',to_date('15-FEB-85','DD-MON-RR'),'M         ','5551234567','New York','NY');
Insert into FLIGHTBOOKING.PASSENGERS (ID,FNAME,LNAME,DOB,GENDER,MOBILE_NO,CITY,STATE) values (2,'Jane','Smith',to_date('10-JUL-90','DD-MON-RR'),'F         ','5552345678','Los Angeles','CA');
Insert into FLIGHTBOOKING.PASSENGERS (ID,FNAME,LNAME,DOB,GENDER,MOBILE_NO,CITY,STATE) values (3,'Osama','Bn laden',to_date('11-SEP-01','DD-MON-RR'),'M         ','5553456789','Chicago','IL');
Insert into FLIGHTBOOKING.PASSENGERS (ID,FNAME,LNAME,DOB,GENDER,MOBILE_NO,CITY,STATE) values (4,'Sara','Lee',to_date('20-AUG-88','DD-MON-RR'),'F         ','5554567890','Houston','TX');
Insert into FLIGHTBOOKING.PASSENGERS (ID,FNAME,LNAME,DOB,GENDER,MOBILE_NO,CITY,STATE) values (5,'Mike','Brown',to_date('25-APR-95','DD-MON-RR'),'M         ','5555678901','Phoenix','AZ');
Insert into FLIGHTBOOKING.PASSENGERS (ID,FNAME,LNAME,DOB,GENDER,MOBILE_NO,CITY,STATE) values (7,'yousef ','eltn7',to_date('02-FEB-91','DD-MON-RR'),'m         ','1234322','elswes','ny');
REM INSERTING into FLIGHTBOOKING.TICKETS
SET DEFINE OFF;
Insert into FLIGHTBOOKING.TICKETS (TICKET_ID,FLIGHT_NO,DESTINATION,SOURCE,DISTANCE,CLASS_TYPE,TRAVEL_DATE,SEAT_NO,TRAVEL_TIME,PASS_ID,FNAME,LNAME) values (1001,'101','Chicago','New York',800,'Economy',to_date('01-JUN-25','DD-MON-RR'),'12A',to_timestamp('01-JUN-25 08.00.00.000000000 AM','DD-MON-RR HH.MI.SSXFF AM'),1,'John','Doe');
Insert into FLIGHTBOOKING.TICKETS (TICKET_ID,FLIGHT_NO,DESTINATION,SOURCE,DISTANCE,CLASS_TYPE,TRAVEL_DATE,SEAT_NO,TRAVEL_TIME,PASS_ID,FNAME,LNAME) values (1002,'102','Los Angeles','Chicago',1800,'Economy',to_date('02-JUN-25','DD-MON-RR'),'18B',to_timestamp('02-JUN-25 09.30.00.000000000 AM','DD-MON-RR HH.MI.SSXFF AM'),2,'Jane','Smith');
Insert into FLIGHTBOOKING.TICKETS (TICKET_ID,FLIGHT_NO,DESTINATION,SOURCE,DISTANCE,CLASS_TYPE,TRAVEL_DATE,SEAT_NO,TRAVEL_TIME,PASS_ID,FNAME,LNAME) values (1003,'103','Phoenix','Houston',1000,'Business',to_date('03-JUN-25','DD-MON-RR'),'5C',to_timestamp('03-JUN-25 10.15.00.000000000 AM','DD-MON-RR HH.MI.SSXFF AM'),3,'Osama','Bn laden');
Insert into FLIGHTBOOKING.TICKETS (TICKET_ID,FLIGHT_NO,DESTINATION,SOURCE,DISTANCE,CLASS_TYPE,TRAVEL_DATE,SEAT_NO,TRAVEL_TIME,PASS_ID,FNAME,LNAME) values (1004,'104','Seattle','Los Angeles',950,'Economy',to_date('04-JUN-25','DD-MON-RR'),'9D',to_timestamp('04-JUN-25 11.45.00.000000000 AM','DD-MON-RR HH.MI.SSXFF AM'),4,'Sara','Lee');
Insert into FLIGHTBOOKING.TICKETS (TICKET_ID,FLIGHT_NO,DESTINATION,SOURCE,DISTANCE,CLASS_TYPE,TRAVEL_DATE,SEAT_NO,TRAVEL_TIME,PASS_ID,FNAME,LNAME) values (1005,'105','New York','Phoenix',2200,'Business',to_date('05-JUN-25','DD-MON-RR'),'1A',to_timestamp('05-JUN-25 07.20.00.000000000 AM','DD-MON-RR HH.MI.SSXFF AM'),5,'Mike','Brown');
REM INSERTING into FLIGHTBOOKING.TICKETS_TRANSACTIONS
SET DEFINE OFF;
Insert into FLIGHTBOOKING.TICKETS_TRANSACTIONS (TICKET_ID,TRANS_ID) values (1001,5001);
Insert into FLIGHTBOOKING.TICKETS_TRANSACTIONS (TICKET_ID,TRANS_ID) values (1002,5002);
Insert into FLIGHTBOOKING.TICKETS_TRANSACTIONS (TICKET_ID,TRANS_ID) values (1003,5003);
Insert into FLIGHTBOOKING.TICKETS_TRANSACTIONS (TICKET_ID,TRANS_ID) values (1004,5004);
Insert into FLIGHTBOOKING.TICKETS_TRANSACTIONS (TICKET_ID,TRANS_ID) values (1005,5005);
REM INSERTING into FLIGHTBOOKING.TRANSACTIONS
SET DEFINE OFF;
Insert into FLIGHTBOOKING.TRANSACTIONS (TRANS_ID,PRICE,PAYMENT_METHODE) values (5001,200,'Credit Card');
Insert into FLIGHTBOOKING.TRANSACTIONS (TRANS_ID,PRICE,PAYMENT_METHODE) values (5002,220,'Paypal');
Insert into FLIGHTBOOKING.TRANSACTIONS (TRANS_ID,PRICE,PAYMENT_METHODE) values (5003,500,'Cash');
Insert into FLIGHTBOOKING.TRANSACTIONS (TRANS_ID,PRICE,PAYMENT_METHODE) values (5004,300,'Credit Card');
Insert into FLIGHTBOOKING.TRANSACTIONS (TRANS_ID,PRICE,PAYMENT_METHODE) values (5005,400,'Debit Card');
--------------------------------------------------------
--  Constraints for Table TRANSACTIONS
--------------------------------------------------------

  ALTER TABLE "FLIGHTBOOKING"."TRANSACTIONS" ADD PRIMARY KEY ("TRANS_ID")
  USING INDEX PCTFREE 10 INITRANS 2 MAXTRANS 255 COMPUTE STATISTICS 
  STORAGE(INITIAL 65536 NEXT 1048576 MINEXTENTS 1 MAXEXTENTS 2147483645
  PCTINCREASE 0 FREELISTS 1 FREELIST GROUPS 1 BUFFER_POOL DEFAULT FLASH_CACHE DEFAULT CELL_FLASH_CACHE DEFAULT)
  TABLESPACE "SYSTEM"  ENABLE
--------------------------------------------------------
--  Constraints for Table AIRLINE
--------------------------------------------------------

  ALTER TABLE "FLIGHTBOOKING"."AIRLINE" ADD PRIMARY KEY ("AIRLINE_NAME")
  USING INDEX PCTFREE 10 INITRANS 2 MAXTRANS 255 COMPUTE STATISTICS 
  STORAGE(INITIAL 65536 NEXT 1048576 MINEXTENTS 1 MAXEXTENTS 2147483645
  PCTINCREASE 0 FREELISTS 1 FREELIST GROUPS 1 BUFFER_POOL DEFAULT FLASH_CACHE DEFAULT CELL_FLASH_CACHE DEFAULT)
  TABLESPACE "SYSTEM"  ENABLE
--------------------------------------------------------
--  Constraints for Table TICKETS
--------------------------------------------------------

  ALTER TABLE "FLIGHTBOOKING"."TICKETS" ADD PRIMARY KEY ("TICKET_ID")
  USING INDEX PCTFREE 10 INITRANS 2 MAXTRANS 255 COMPUTE STATISTICS 
  STORAGE(INITIAL 65536 NEXT 1048576 MINEXTENTS 1 MAXEXTENTS 2147483645
  PCTINCREASE 0 FREELISTS 1 FREELIST GROUPS 1 BUFFER_POOL DEFAULT FLASH_CACHE DEFAULT CELL_FLASH_CACHE DEFAULT)
  TABLESPACE "SYSTEM"  ENABLE
--------------------------------------------------------
--  Constraints for Table PASSENGERS
--------------------------------------------------------

  ALTER TABLE "FLIGHTBOOKING"."PASSENGERS" ADD PRIMARY KEY ("ID")
  USING INDEX PCTFREE 10 INITRANS 2 MAXTRANS 255 COMPUTE STATISTICS 
  STORAGE(INITIAL 65536 NEXT 1048576 MINEXTENTS 1 MAXEXTENTS 2147483645
  PCTINCREASE 0 FREELISTS 1 FREELIST GROUPS 1 BUFFER_POOL DEFAULT FLASH_CACHE DEFAULT CELL_FLASH_CACHE DEFAULT)
  TABLESPACE "SYSTEM"  ENABLE
--------------------------------------------------------
--  Constraints for Table FLIGHT
--------------------------------------------------------

  ALTER TABLE "FLIGHTBOOKING"."FLIGHT" ADD PRIMARY KEY ("FLIGHT_ID")
  USING INDEX PCTFREE 10 INITRANS 2 MAXTRANS 255 COMPUTE STATISTICS 
  STORAGE(INITIAL 65536 NEXT 1048576 MINEXTENTS 1 MAXEXTENTS 2147483645
  PCTINCREASE 0 FREELISTS 1 FREELIST GROUPS 1 BUFFER_POOL DEFAULT FLASH_CACHE DEFAULT CELL_FLASH_CACHE DEFAULT)
  TABLESPACE "SYSTEM"  ENABLE
--------------------------------------------------------
--  Ref Constraints for Table CLASS
--------------------------------------------------------

  ALTER TABLE "FLIGHTBOOKING"."CLASS" ADD FOREIGN KEY ("FLIGHT_ID")
	  REFERENCES "FLIGHTBOOKING"."FLIGHT" ("FLIGHT_ID") ENABLE
--------------------------------------------------------
--  Ref Constraints for Table FLIGHT
--------------------------------------------------------

  ALTER TABLE "FLIGHTBOOKING"."FLIGHT" ADD FOREIGN KEY ("PASS_ID")
	  REFERENCES "FLIGHTBOOKING"."PASSENGERS" ("ID") ENABLE
  ALTER TABLE "FLIGHTBOOKING"."FLIGHT" ADD FOREIGN KEY ("AIRLINE_NAME")
	  REFERENCES "FLIGHTBOOKING"."AIRLINE" ("AIRLINE_NAME") ENABLE
--------------------------------------------------------
--  Ref Constraints for Table TICKETS
--------------------------------------------------------

  ALTER TABLE "FLIGHTBOOKING"."TICKETS" ADD FOREIGN KEY ("PASS_ID")
	  REFERENCES "FLIGHTBOOKING"."PASSENGERS" ("ID") ENABLE
--------------------------------------------------------
--  Ref Constraints for Table TICKETS_TRANSACTIONS
--------------------------------------------------------

  ALTER TABLE "FLIGHTBOOKING"."TICKETS_TRANSACTIONS" ADD FOREIGN KEY ("TICKET_ID")
	  REFERENCES "FLIGHTBOOKING"."TICKETS" ("TICKET_ID") ENABLE
  ALTER TABLE "FLIGHTBOOKING"."TICKETS_TRANSACTIONS" ADD FOREIGN KEY ("TRANS_ID")
	  REFERENCES "FLIGHTBOOKING"."TRANSACTIONS" ("TRANS_ID") ENABLE
